{"cameraMode":{"drawMode":0,"name":"Shaded","section":"Shading Mode"},"sceneLighting":false,"audioPlay":false,"sceneViewState":{"m_AlwaysRefresh":false,"showFog":true,"showSkybox":false,"showFlares":true,"showImageEffects":true,"showParticleSystems":true,"showVisualEffectGraphs":true,"m_FxEnabled":true},"in2DMode":false,"pivot":{"x":0.0429307222366333,"y":-0.14859607815742494,"z":-0.2964158058166504},"rotation":{"x":-0.1322963833808899,"y":0.8196126222610474,"z":-0.20998840034008027,"w":-0.5163700580596924},"size":0.3839256763458252,"orthographic":false}