{"cameraMode":{"drawMode":0,"name":"Shaded","section":"Shading Mode"},"sceneLighting":false,"audioPlay":false,"sceneViewState":{"m_AlwaysRefresh":false,"showFog":true,"showSkybox":false,"showFlares":true,"showImageEffects":true,"showParticleSystems":true,"showVisualEffectGraphs":true,"m_FxEnabled":true},"in2DMode":false,"pivot":{"x":-0.08699999749660492,"y":0.1469999998807907,"z":0.03370000049471855},"rotation":{"x":-0.0018717494094744325,"y":0.9931714534759522,"z":-0.11553579568862915,"w":-0.016089849174022676},"size":0.061092134565114978,"orthographic":false}