{"cameraMode":{"drawMode":0,"name":"Shaded","section":"Shading Mode"},"sceneLighting":false,"audioPlay":false,"sceneViewState":{"m_AlwaysRefresh":false,"showFog":true,"showSkybox":false,"showFlares":true,"showImageEffects":true,"showParticleSystems":true,"showVisualEffectGraphs":true,"m_FxEnabled":true},"in2DMode":false,"pivot":{"x":46.68410873413086,"y":2.6129159927368166,"z":-9.729742050170899},"rotation":{"x":0.006222765427082777,"y":0.9759682416915894,"z":-0.21600191295146943,"w":0.028116581961512567},"size":0.16116328537464143,"orthographic":false}