{"cameraMode":{"drawMode":0,"name":"Shaded","section":"Shading Mode"},"sceneLighting":false,"audioPlay":false,"sceneViewState":{"m_AlwaysRefresh":false,"showFog":true,"showSkybox":false,"showFlares":true,"showImageEffects":true,"showParticleSystems":true,"showVisualEffectGraphs":true,"m_FxEnabled":true},"in2DMode":false,"pivot":{"x":0.04852879419922829,"y":-0.07005283236503601,"z":-0.01905849575996399},"rotation":{"x":0.008016603998839856,"y":0.9849691987037659,"z":-0.16584353148937226,"w":0.047611843794584277},"size":0.22513847053050996,"orthographic":false}